280,177,280,199,281,222,284,244,293,263,307,281,323,297,342,309,361,314,378,311,393,299,408,285,419,271,428,254,436,235,441,215,443,196,301,158,316,152,334,152,351,157,365,166,392,166,407,163,421,161,434,162,442,172,379,185,379,197,379,209,380,222,356,236,366,238,374,241,383,240,390,239,316,182,328,181,340,182,349,188,338,190,326,188,399,192,410,186,420,187,429,191,421,194,410,194,337,264,352,259,366,254,372,258,380,256,389,262,398,270,387,279,377,282,369,282,361,281,350,275,343,264,364,266,371,268,379,267,393,270,378,268,370,268,363,267
270,173,271,195,272,217,276,238,284,258,298,275,314,290,332,302,352,307,371,304,389,292,403,278,415,261,424,243,429,223,434,203,435,182,288,153,302,146,318,145,334,148,348,154,378,155,392,151,407,150,421,153,431,163,364,176,364,188,364,200,365,212,344,228,354,230,362,232,371,231,378,230,304,175,316,175,327,175,335,180,326,181,314,180,387,182,398,179,408,179,417,181,408,185,398,185,329,260,342,252,354,246,361,249,369,247,379,254,387,263,378,270,368,273,360,274,352,273,340,269,334,260,353,258,361,259,368,259,382,263,368,260,361,260,353,259
263,184,263,207,265,229,269,249,278,269,290,286,304,301,321,312,339,316,357,313,372,302,386,288,397,272,407,255,414,237,420,217,423,197,279,171,294,165,310,166,326,171,339,177,367,179,381,175,395,173,409,174,419,182,354,196,354,209,354,221,354,234,332,246,341,248,350,250,359,249,367,248,295,193,307,192,317,193,326,198,316,199,305,198,375,201,385,198,395,198,404,200,396,204,385,204,318,275,331,268,342,263,349,266,356,264,365,270,373,277,364,285,355,288,347,289,339,288,329,284,323,275,341,274,348,275,356,274,368,277,355,275,348,276,341,275
265,180,264,202,266,223,270,244,278,263,290,281,304,295,321,306,340,310,358,307,373,296,387,283,399,267,408,250,415,231,420,212,422,192,280,164,294,157,310,158,325,162,339,169,366,170,380,167,394,165,408,167,418,176,353,188,353,200,353,212,354,225,332,238,341,240,350,242,359,241,367,241,295,185,306,183,318,184,326,190,316,191,305,190,374,193,385,189,396,190,405,193,396,197,385,196,318,268,331,261,342,255,349,258,356,256,365,263,373,271,364,280,355,283,347,283,339,282,329,278,323,268,341,267,348,268,355,268,368,271,355,268,348,269,341,267
254,130,252,153,252,176,255,199,262,220,275,240,292,255,312,268,335,273,359,271,379,260,396,246,410,228,418,208,424,187,428,166,429,145,275,108,288,100,305,98,322,102,337,110,367,113,383,109,399,110,414,114,424,125,353,130,353,141,353,152,354,165,331,184,340,186,350,188,359,188,367,188,289,131,301,129,313,130,324,134,312,136,300,135,375,139,388,136,400,139,410,142,399,144,387,143,312,219,327,209,341,203,349,206,357,204,367,213,376,225,365,231,354,232,346,232,337,231,325,227,318,218,340,216,348,217,356,218,371,224,355,219,347,218,339,217
257,136,256,160,257,183,261,207,269,229,283,248,300,264,321,275,344,280,367,277,387,266,403,251,415,232,423,212,429,192,434,171,434,149,278,115,293,107,311,106,330,110,345,117,375,119,390,115,407,114,422,118,433,128,361,138,361,150,361,161,362,174,338,193,348,194,358,196,367,196,376,195,293,138,306,138,318,139,329,142,316,143,305,142,385,146,397,145,408,146,419,147,408,150,397,149,319,226,334,217,348,211,357,215,365,212,376,220,386,231,374,238,363,240,354,240,344,239,332,234,325,226,347,224,356,225,364,226,380,230,364,226,355,226,346,225
258,136,256,160,256,184,259,208,268,230,281,250,299,267,319,280,342,284,364,281,383,270,400,254,413,235,423,215,428,193,431,172,432,150,275,119,289,109,307,105,326,108,342,116,371,118,388,114,404,115,420,120,429,132,358,137,358,150,359,161,359,174,336,193,346,195,355,197,364,197,373,196,293,137,305,137,316,138,326,142,315,142,304,141,382,146,394,144,404,145,414,148,404,149,393,148,311,224,330,223,345,220,353,223,361,222,372,226,384,230,369,234,358,234,350,234,341,233,327,231,316,224,344,228,352,230,360,229,379,230,359,228,350,229,343,227
257,138,256,161,256,184,259,208,267,230,281,250,298,266,319,278,342,283,364,281,384,270,400,254,413,236,422,215,428,194,432,173,433,151,275,116,289,107,307,105,325,108,341,115,370,117,388,114,404,115,419,120,429,131,357,139,358,151,358,163,358,176,336,196,346,197,355,199,363,199,372,199,294,136,306,134,317,135,326,142,316,143,304,141,381,147,392,142,403,143,412,148,403,151,392,150,312,225,331,225,346,222,353,226,361,224,372,228,384,231,370,235,359,235,351,235,343,234,329,232,317,226,345,230,352,232,361,232,380,231,360,229,352,229,344,228
257,137,256,160,256,184,259,208,267,230,281,250,298,267,319,279,342,283,364,281,384,270,400,254,412,235,422,215,428,193,432,172,433,151,275,118,290,109,308,106,326,110,342,118,371,120,388,116,405,116,420,121,430,132,358,139,358,151,358,163,359,176,336,195,346,197,355,199,364,198,372,198,292,138,305,139,316,140,326,143,315,143,303,142,383,147,395,146,405,147,415,149,405,150,394,149,311,224,331,223,346,221,353,224,362,222,373,226,386,229,371,234,360,235,351,234,343,234,329,232,316,225,345,229,352,230,361,230,381,230,360,228,352,228,344,227
257,139,256,162,256,186,259,209,268,231,281,251,298,268,319,280,341,285,363,282,383,271,399,254,412,235,422,215,428,194,432,173,434,151,274,117,289,108,307,106,325,110,341,118,372,120,389,116,405,116,420,121,430,132,358,140,358,152,358,164,359,177,335,196,346,197,355,199,364,199,372,199,293,138,305,139,316,140,326,144,315,143,304,142,383,148,394,147,404,148,414,150,404,151,394,150,311,225,331,224,345,221,353,224,361,223,373,228,385,230,371,237,360,238,351,238,342,237,328,234,316,226,344,230,352,232,361,231,380,231,360,231,352,231,344,230
257,139,255,162,256,186,260,210,268,231,281,250,299,266,319,278,341,283,363,280,382,269,399,253,411,235,420,215,427,194,432,173,433,151,275,117,291,109,308,108,326,112,342,120,372,122,388,118,404,118,419,121,429,131,358,141,358,153,358,165,358,178,335,196,345,198,355,200,364,199,372,199,292,140,304,141,316,142,326,145,315,145,303,144,382,150,395,148,405,149,415,151,405,153,394,152,312,227,329,221,344,216,352,219,361,217,372,225,383,234,370,241,359,244,350,244,341,242,327,237,318,228,343,228,351,229,360,230,377,234,360,231,351,230,342,229
256,138,255,162,257,186,260,209,268,231,282,250,299,266,318,278,341,283,362,280,382,268,398,252,411,234,419,214,426,193,431,172,432,151,276,116,292,109,309,108,327,112,341,119,370,121,386,117,402,117,417,121,428,131,357,140,357,153,358,165,358,178,335,195,345,197,354,199,363,199,371,198,293,139,305,138,317,139,326,143,315,144,304,143,380,148,392,145,403,146,412,149,403,151,392,150,314,228,330,221,345,215,352,219,361,217,371,225,380,234,369,241,359,244,349,243,341,242,328,238,320,229,343,228,351,229,360,230,375,234,359,230,350,230,342,229
254,143,253,165,254,187,257,210,265,230,278,248,294,263,313,274,335,278,356,275,375,265,391,251,403,234,411,215,417,195,422,175,423,154,272,123,286,116,303,115,320,119,335,126,362,128,377,123,393,122,408,125,418,135,349,145,349,156,349,168,349,180,327,197,337,198,346,200,354,200,363,199,286,145,298,144,309,145,319,149,308,149,297,149,373,152,385,150,395,151,405,153,395,155,384,155,310,230,324,221,337,215,345,218,353,216,363,223,372,233,362,240,352,242,343,242,334,241,322,237,316,229,336,227,344,228,352,228,367,232,352,229,344,229,336,228
256,143,255,166,256,189,260,211,267,232,280,250,297,265,315,277,336,282,357,280,376,269,393,254,406,237,415,219,421,198,426,178,428,157,272,123,288,115,305,114,323,119,338,127,367,129,383,125,398,124,414,127,425,136,354,147,354,159,354,172,354,185,331,201,341,202,350,205,359,204,367,204,289,146,301,146,312,147,323,151,311,150,300,149,378,155,390,153,400,154,410,156,400,157,389,156,310,230,326,224,341,219,348,223,356,220,367,228,376,236,364,244,353,248,344,248,336,247,323,241,316,230,339,232,347,233,355,233,371,236,354,234,346,234,338,232
257,143,256,166,257,189,260,211,268,231,280,249,296,264,314,276,335,281,357,279,376,268,393,253,406,236,414,217,420,197,425,177,427,155,274,123,289,116,306,115,323,119,338,126,365,128,381,125,396,124,411,128,421,137,353,147,353,158,353,170,353,183,330,199,340,201,349,203,358,203,366,202,289,145,301,145,312,146,323,150,311,150,300,149,376,154,388,152,398,153,407,156,397,157,387,156,312,231,327,223,340,217,347,221,355,219,366,226,374,236,363,243,353,246,344,246,336,245,324,240,318,231,339,230,346,231,355,231,369,235,354,232,345,232,338,231
256,146,255,169,256,191,260,214,268,234,281,251,297,266,315,278,336,282,357,279,375,268,391,253,404,236,412,218,418,198,423,178,425,157,274,124,289,117,306,116,324,120,338,127,364,128,380,125,395,124,410,127,420,137,353,147,353,160,353,172,353,186,331,202,340,204,349,206,358,205,366,205,290,146,302,144,314,145,323,151,312,151,301,150,375,154,386,151,397,152,406,155,397,157,386,157,313,233,327,225,340,220,347,223,356,221,366,229,375,238,364,245,353,248,344,248,336,247,325,242,318,233,339,232,347,233,355,233,369,237,354,234,346,235,338,233
263,152,263,177,265,201,270,225,280,246,294,265,310,281,328,293,347,298,365,294,380,281,394,265,406,247,417,228,425,208,430,187,431,165,285,131,300,124,316,123,333,127,348,134,379,136,393,132,407,131,420,133,429,142,365,156,365,169,366,181,366,194,344,212,353,213,362,216,370,215,378,213,301,154,313,152,325,153,334,160,323,161,311,159,386,163,396,158,407,158,416,162,407,166,396,165,323,245,339,239,353,235,361,238,368,236,377,241,386,248,376,262,366,268,358,269,349,268,336,261,328,245,352,245,360,246,367,245,381,248,366,255,359,256,351,255
